{"epoch": [1, 2, 3, 4, 5, 6, 7, 8, 9, 10, 11, 12, 13, 14, 15, 16, 17, 18, 19, 20, 21, 22, 23, 24, 25, 26, 27, 28, 29, 30], "dev": [0.31496062992125984, 0.471830985915493, 0.5657894736842106, 0.5169230769230768, 0.5800604229607251, 0.6410256410256411, 0.6037735849056604, 0.645367412140575, 0.6402439024390244, 0.6583850931677018, 0.6750788643533122, 0.6878980891719746, 0.6687898089171974, 0.7040498442367601, 0.7040498442367601, 0.697530864197531, 0.6996904024767802, 0.7088607594936709, 0.6727272727272727, 0.6626506024096386, 0.7239263803680981, 0.6878980891719746, 0.6978193146417445, 0.6837060702875399, 0.7345679012345679, 0.728395061728395, 0.7395498392282959, 0.7355623100303952, 0.7204968944099378, 0.713375796178344], "test": [0.2507122507122507, 0.4731707317073171, 0.5294117647058822, 0.5745140388768898, 0.5910064239828693, 0.6261261261261262, 0.6455981941309256, 0.6292134831460674, 0.6311300639658848, 0.6680851063829787, 0.6724511930585684, 0.6652360515021459, 0.6651884700665188, 0.6567164179104478, 0.6439232409381662, 0.6796536796536796, 0.6623655913978495, 0.6810344827586208, 0.6932773109243697, 0.6652452025586354, 0.6751054852320675, 0.7130434782608696, 0.6806722689075632, 0.6766595289079229, 0.6985446985446987, 0.7167381974248926, 0.7184873949579833, 0.7049180327868853, 0.7280334728033473, 0.7413793103448276]}